{
  "request": {
    "ticketId": "DSAR-0001",
    "type": "Access",
    "subjectEmailMasked": "s***@gmail.com",
    "completedAt": "2025-08-21T21:17:58.787Z"
  },
  "sources": {
    "crm": [
      {
        "Email": "S***@gmail.com",
        "FullName": "S***",
        "Phone": "**********12",
        "Address": "REDACTED"
      }
    ],
    "billing": [
      {
        "Email": "S***@gmail.com",
        "InvoiceId": "INV1034",
        "Amount": 99.99,
        "Last4": 2222,
        "InvoiceDate": "2025-01-19T18:30:00.000Z"
      },
      {
        "Email": "S***@gmail.com",
        "InvoiceId": "INV1035",
        "Amount": 89.99,
        "Last4": 2222,
        "InvoiceDate": "2025-01-19T18:30:00.000Z"
      }
    ]
  }
}